[{"model": "main.category", "pk": 2, "fields": {"name": "Дівчина", "slug": "girl", "parent": null, "lft": 1, "rght": 28, "tree_id": 4, "level": 0}}, {"model": "main.category", "pk": 5, "fields": {"name": "Хлопець", "slug": "boy", "parent": null, "lft": 1, "rght": 24, "tree_id": 7, "level": 0}}, {"model": "main.category", "pk": 9, "fields": {"name": "Baby", "slug": "baby", "parent": null, "lft": 1, "rght": 40, "tree_id": 2, "level": 0}}, {"model": "main.category", "pk": 10, "fields": {"name": "Іграшки", "slug": "toys", "parent": null, "lft": 1, "rght": 16, "tree_id": 3, "level": 0}}, {"model": "main.category", "pk": 11, "fields": {"name": "Спорт", "slug": "sport", "parent": null, "lft": 1, "rght": 10, "tree_id": 6, "level": 0}}, {"model": "main.category", "pk": 12, "fields": {"name": "Куртки", "slug": "jacket", "parent": 5, "lft": 8, "rght": 9, "tree_id": 7, "level": 1}}, {"model": "main.category", "pk": 13, "fields": {"name": "Кофти", "slug": "blouse", "parent": 5, "lft": 6, "rght": 7, "tree_id": 7, "level": 1}}, {"model": "main.category", "pk": 14, "fields": {"name": "Реглани", "slug": "reglan", "parent": 5, "lft": 14, "rght": 15, "tree_id": 7, "level": 1}}, {"model": "main.category", "pk": 15, "fields": {"name": "Штани і джинси", "slug": "pants", "parent": 5, "lft": 22, "rght": 23, "tree_id": 7, "level": 1}}, {"model": "main.category", "pk": 16, "fields": {"name": "Шапки", "slug": "hat", "parent": 5, "lft": 20, "rght": 21, "tree_id": 7, "level": 1}}, {"model": "main.category", "pk": 17, "fields": {"name": "Взуття", "slug": "shoes", "parent": 5, "lft": 4, "rght": 5, "tree_id": 7, "level": 1}}, {"model": "main.category", "pk": 18, "fields": {"name": "Нижня білизна", "slug": "underwear", "parent": 5, "lft": 10, "rght": 11, "tree_id": 7, "level": 1}}, {"model": "main.category", "pk": 19, "fields": {"name": "Спортивний одяг", "slug": "sportswear", "parent": 5, "lft": 16, "rght": 17, "tree_id": 7, "level": 1}}, {"model": "main.category", "pk": 20, "fields": {"name": "Футболки", "slug": "t-short", "parent": 5, "lft": 18, "rght": 19, "tree_id": 7, "level": 1}}, {"model": "main.category", "pk": 21, "fields": {"name": "Носки", "slug": "socks", "parent": 5, "lft": 12, "rght": 13, "tree_id": 7, "level": 1}}, {"model": "main.category", "pk": 22, "fields": {"name": "Куртки", "slug": "jacket-for-girl", "parent": 2, "lft": 12, "rght": 13, "tree_id": 4, "level": 1}}, {"model": "main.category", "pk": 23, "fields": {"name": "Кофти", "slug": "blouse-for-girl", "parent": 2, "lft": 10, "rght": 11, "tree_id": 4, "level": 1}}, {"model": "main.category", "pk": 24, "fields": {"name": "Футболки", "slug": "t-short-for-girl", "parent": 2, "lft": 22, "rght": 23, "tree_id": 4, "level": 1}}, {"model": "main.category", "pk": 25, "fields": {"name": "Плаття", "slug": "dress", "parent": 2, "lft": 16, "rght": 17, "tree_id": 4, "level": 1}}, {"model": "main.category", "pk": 26, "fields": {"name": "Шапки", "slug": "hat-for-girl", "parent": 2, "lft": 24, "rght": 25, "tree_id": 4, "level": 1}}, {"model": "main.category", "pk": 27, "fields": {"name": "Реглани", "slug": "reglan-for-girl", "parent": 2, "lft": 18, "rght": 19, "tree_id": 4, "level": 1}}, {"model": "main.category", "pk": 28, "fields": {"name": "Спортивний одяг", "slug": "sportswear-for-girl", "parent": 2, "lft": 20, "rght": 21, "tree_id": 4, "level": 1}}, {"model": "main.category", "pk": 29, "fields": {"name": "Взуття", "slug": "shoes-for-girl", "parent": 2, "lft": 6, "rght": 7, "tree_id": 4, "level": 1}}, {"model": "main.category", "pk": 30, "fields": {"name": "Штани і джинси", "slug": "pants-for-girl", "parent": 2, "lft": 26, "rght": 27, "tree_id": 4, "level": 1}}, {"model": "main.category", "pk": 31, "fields": {"name": "Нижня білизна", "slug": "underwear-for-girl", "parent": 2, "lft": 14, "rght": 15, "tree_id": 4, "level": 1}}, {"model": "main.category", "pk": 32, "fields": {"name": "Колготи", "slug": "tights-for-girl", "parent": 2, "lft": 8, "rght": 9, "tree_id": 4, "level": 1}}, {"model": "main.category", "pk": 33, "fields": {"name": "Пелюшки", "slug": "diapers", "parent": 9, "lft": 14, "rght": 15, "tree_id": 2, "level": 1}}, {"model": "main.category", "pk": 34, "fields": {"name": "Сорочечки", "slug": "shirts-baby", "parent": 9, "lft": 30, "rght": 31, "tree_id": 2, "level": 1}}, {"model": "main.category", "pk": 35, "fields": {"name": "Шапочки", "slug": "hat-baby", "parent": 9, "lft": 36, "rght": 37, "tree_id": 2, "level": 1}}, {"model": "main.category", "pk": 36, "fields": {"name": "Повзунки", "slug": "sliders", "parent": 9, "lft": 22, "rght": 23, "tree_id": 2, "level": 1}}, {"model": "main.category", "pk": 37, "fields": {"name": "Слюнявчики", "slug": "bibs", "parent": 9, "lft": 28, "rght": 29, "tree_id": 2, "level": 1}}, {"model": "main.category", "pk": 38, "fields": {"name": "Рукавички", "slug": "gloves", "parent": 9, "lft": 26, "rght": 27, "tree_id": 2, "level": 1}}, {"model": "main.category", "pk": 39, "fields": {"name": "Конверти", "slug": "envelopes", "parent": 9, "lft": 6, "rght": 7, "tree_id": 2, "level": 1}}, {"model": "main.category", "pk": 40, "fields": {"name": "Боді", "slug": "body", "parent": 9, "lft": 2, "rght": 3, "tree_id": 2, "level": 1}}, {"model": "main.category", "pk": 41, "fields": {"name": "Песочник", "slug": "boilersuit", "parent": 9, "lft": 16, "rght": 17, "tree_id": 2, "level": 1}}, {"model": "main.category", "pk": 42, "fields": {"name": "Штанці", "slug": "trousers", "parent": 9, "lft": 38, "rght": 39, "tree_id": 2, "level": 1}}, {"model": "main.category", "pk": 43, "fields": {"name": "Комбінезон", "slug": "overalls", "parent": 9, "lft": 4, "rght": 5, "tree_id": 2, "level": 1}}, {"model": "main.category", "pk": 44, "fields": {"name": "Соски", "slug": "nipples", "parent": 9, "lft": 32, "rght": 33, "tree_id": 2, "level": 1}}, {"model": "main.category", "pk": 45, "fields": {"name": "Пляшечки", "slug": "bottles", "parent": 9, "lft": 20, "rght": 21, "tree_id": 2, "level": 1}}, {"model": "main.category", "pk": 46, "fields": {"name": "Посуд", "slug": "dishes", "parent": 9, "lft": 24, "rght": 25, "tree_id": 2, "level": 1}}, {"model": "main.category", "pk": 47, "fields": {"name": "Пледи", "slug": "plaids", "parent": 9, "lft": 18, "rght": 19, "tree_id": 2, "level": 1}}, {"model": "main.category", "pk": 48, "fields": {"name": "Костюми для новонароджених", "slug": "costumes-for-newborns", "parent": 9, "lft": 8, "rght": 9, "tree_id": 2, "level": 1}}, {"model": "main.category", "pk": 49, "fields": {"name": "Царапки", "slug": "carapky", "parent": 9, "lft": 34, "rght": 35, "tree_id": 2, "level": 1}}, {"model": "main.category", "pk": 50, "fields": {"name": "Ліжечка", "slug": "beds", "parent": 9, "lft": 10, "rght": 11, "tree_id": 2, "level": 1}}, {"model": "main.category", "pk": 51, "fields": {"name": "Манеж", "slug": "playpen", "parent": 9, "lft": 12, "rght": 13, "tree_id": 2, "level": 1}}, {"model": "main.category", "pk": 52, "fields": {"name": "М'які іграшки", "slug": "stuffed-animals", "parent": 10, "lft": 8, "rght": 9, "tree_id": 3, "level": 1}}, {"model": "main.category", "pk": 53, "fields": {"name": "Розвиваючі іграшки", "slug": "educational-toys", "parent": 10, "lft": 14, "rght": 15, "tree_id": 3, "level": 1}}, {"model": "main.category", "pk": 54, "fields": {"name": "Конструктори", "slug": "constructors", "parent": 10, "lft": 6, "rght": 7, "tree_id": 3, "level": 1}}, {"model": "main.category", "pk": 55, "fields": {"name": "Настільні ігри", "slug": "board-games", "parent": 10, "lft": 12, "rght": 13, "tree_id": 3, "level": 1}}, {"model": "main.category", "pk": 56, "fields": {"name": "Музичні", "slug": "musical-toys", "parent": 10, "lft": 10, "rght": 11, "tree_id": 3, "level": 1}}, {"model": "main.category", "pk": 57, "fields": {"name": "Для хлопців", "slug": "for-boys", "parent": 10, "lft": 4, "rght": 5, "tree_id": 3, "level": 1}}, {"model": "main.category", "pk": 58, "fields": {"name": "Для дівчат", "slug": "for-girls", "parent": 10, "lft": 2, "rght": 3, "tree_id": 3, "level": 1}}, {"model": "main.category", "pk": 59, "fields": {"name": "Самокати", "slug": "scooters", "parent": 11, "lft": 4, "rght": 5, "tree_id": 6, "level": 1}}, {"model": "main.category", "pk": 60, "fields": {"name": "Велобіги", "slug": "cycling", "parent": 11, "lft": 2, "rght": 3, "tree_id": 6, "level": 1}}, {"model": "main.category", "pk": 61, "fields": {"name": "Скейтборди", "slug": "skateboards", "parent": 11, "lft": 8, "rght": 9, "tree_id": 6, "level": 1}}, {"model": "main.category", "pk": 62, "fields": {"name": "Санки", "slug": "sled", "parent": 11, "lft": 6, "rght": 7, "tree_id": 6, "level": 1}}, {"model": "main.product", "pk": 8, "fields": {"category": 13, "title": "Кофта вязана", "description": "Червона вязана кофта", "slug": "kofta", "price": "450.00", "photo": "cat_toy_2LxX8wD.jpg", "pub_date": "2021-05-20T12:18:52.018Z"}}, {"model": "main.product", "pk": 9, "fields": {"category": 43, "title": "Комбінезон гарний", "description": "Комбінезон гарний , дуже якісний", "slug": "kombinezon", "price": "550.00", "photo": "bb_T4i1Maw.jpg", "pub_date": "2021-04-08T12:18:52Z"}}, {"model": "main.product", "pk": 10, "fields": {"category": 17, "title": "Кросівки спортивні", "description": "Чудовий варіант для уроку фізкультури", "slug": "krosivku", "price": "350.00", "photo": "car_toy_ytBbKws_y4E2Ktq.jpg", "pub_date": "2021-05-20T12:18:52.018Z"}}, {"model": "main.product", "pk": 11, "fields": {"category": 13, "title": "Кофтинка", "description": "Крутий товар", "slug": "kofta2", "price": "770.00", "photo": "clouth1.jpg", "pub_date": "2021-05-20T12:18:52.018Z"}}, {"model": "main.product", "pk": 12, "fields": {"category": 32, "title": "Колготки", "description": "Колготи хороші", "slug": "kolgotu", "price": "330.00", "photo": "clouth2.jpg", "pub_date": "2021-05-20T12:18:52.018Z"}}, {"model": "main.product", "pk": 13, "fields": {"category": 59, "title": "Самокат", "description": "кул", "slug": "samokat", "price": "1100.00", "photo": "car_toy_ytBbKws_P5PEY6j.jpg", "pub_date": "2021-05-20T12:18:52.018Z"}}, {"model": "main.product", "pk": 14, "fields": {"category": 54, "title": "Конструктор незвичайний", "description": "да да да", "slug": "konst", "price": "333.00", "photo": "car_toy.jpg", "pub_date": "2021-05-20T12:18:52.018Z"}}, {"model": "main.product", "pk": 15, "fields": {"category": 62, "title": "Sanky", "description": "sanku", "slug": "sanku", "price": "1234.00", "photo": "cat_toy_9vJmPUZ.jpg", "pub_date": "2021-05-20T12:18:52.018Z"}}, {"model": "main.product", "pk": 16, "fields": {"category": 40, "title": "Супер боді", "description": "Найкраще боді у світі", "slug": "bodies", "price": "440.00", "photo": "clouth2_4pGBU1w.jpg", "pub_date": "2021-05-10T12:18:52Z"}}, {"model": "main.product", "pk": 17, "fields": {"category": 50, "title": "Ліжко", "description": "Ліжко деревяне з червоного дубу", "slug": "bedforbaby", "price": "2500.00", "photo": "children-background.jpg", "pub_date": "2021-05-20T12:26:33Z"}}, {"model": "main.product", "pk": 18, "fields": {"category": 47, "title": "Плед", "description": "Плед якісний", "slug": "pled", "price": "400.00", "photo": "bb_r0756jy.jpg", "pub_date": "2021-05-06T12:20:25Z"}}, {"model": "main.product", "pk": 20, "fields": {"category": 40, "title": "Супер боді", "description": "Найкраще боді у світі", "slug": "bodies-2", "price": "440.00", "photo": "clouth2_Xb6eBKR.jpg", "pub_date": "2021-05-20T12:18:52.018Z"}}, {"model": "main.product", "pk": 21, "fields": {"category": 40, "title": "Супер боді", "description": "Найкраще боді у світі", "slug": "bodies-3", "price": "440.00", "photo": "clouth2_TuUJKXO.jpg", "pub_date": "2021-05-20T12:18:52.018Z"}}, {"model": "main.product", "pk": 22, "fields": {"category": 39, "title": "Конверт", "description": "Конверт для новонароджених", "slug": "convert", "price": "300.00", "photo": "imggg.jpg", "pub_date": "2021-05-20T12:18:52.018Z"}}, {"model": "main.cart", "pk": 1, "fields": {"customer": 2, "final_price": "5633.00", "final_count_of_items": 4, "in_order": false, "for_anonymous_user": false, "product_in_cart": [37, 39, 40]}}, {"model": "main.cartproduct", "pk": 37, "fields": {"owner": 2, "basket": 1, "product": 17, "qty": 2, "final_price": "5000.00"}}, {"model": "main.cartproduct", "pk": 39, "fields": {"owner": 2, "basket": 1, "product": 22, "qty": 1, "final_price": "300.00"}}, {"model": "main.cartproduct", "pk": 40, "fields": {"owner": 2, "basket": 1, "product": 14, "qty": 1, "final_price": "333.00"}}, {"model": "main.customer", "pk": 2, "fields": {"user": 1, "phone_number": "0663967980", "adress": "WallStreet"}}, {"model": "main.boy", "pk": 8, "fields": {"sizon": "Весна/Осень", "size": "128, 135,130", "age": "5-6 лет", "brand": "DsG", "material": "Хлопок 100%", "father": null}}, {"model": "main.boy", "pk": 10, "fields": {"sizon": "Літо", "size": "34", "age": "5-6 лет", "brand": "DsG", "material": "Кожа", "father": null}}, {"model": "main.boy", "pk": 11, "fields": {"sizon": "Весна/Осень", "size": "123", "age": "4", "brand": "DsG", "material": "Хлопок 100%", "father": null}}, {"model": "main.girl", "pk": 12, "fields": {"sizon": "Лето", "size": "33", "age": "2+", "brand": "DsG", "material": "Хлопок 100%", "father": null}}, {"model": "main.baby", "pk": 9, "fields": {"sizon": "Будь-який", "size": "34", "age": "0-14", "brand": "DsG", "material": "Хлопок 100%", "father": null}}, {"model": "main.baby", "pk": 16, "fields": {"sizon": "Лето", "size": "34", "age": "2+", "brand": "DsG", "material": "Хлопок 100%", "father": null}}, {"model": "main.baby", "pk": 17, "fields": {"sizon": "Будь-який", "size": "100(довж.),55(шир.)", "age": "Для новонароджених", "brand": "DsG", "material": "Дерево", "father": null}}, {"model": "main.baby", "pk": 18, "fields": {"sizon": "Будь-який", "size": "150 100", "age": "0+", "brand": "DsG", "material": "Хлопок 100%", "father": null}}, {"model": "main.baby", "pk": 20, "fields": {"sizon": "Лето", "size": "36", "age": "2+", "brand": "DsG", "material": "Хлопок 100%", "father": 16}}, {"model": "main.baby", "pk": 21, "fields": {"sizon": "Лето", "size": "40", "age": "2+", "brand": "DsG", "material": "Хлопок 100%", "father": 16}}, {"model": "main.baby", "pk": 22, "fields": {"sizon": "Будь-який", "size": "21", "age": "0+", "brand": "DsG", "material": "Хлопок 100%", "father": null}}, {"model": "main.toys", "pk": 14, "fields": {"age": "0+"}}, {"model": "main.sport", "pk": 13, "fields": {"age": "5-6 лет", "brand": "DsG"}}, {"model": "main.sport", "pk": 15, "fields": {"age": "0+", "brand": "DsG"}}, {"model": "admin.logentry", "pk": 1, "fields": {"action_time": "2021-04-27T11:34:34.164Z", "user": 1, "content_type": 2, "object_id": "7", "object_repr": "Немовля", "action_flag": 1, "change_message": "[{\"added\": {}}]"}}, {"model": "admin.logentry", "pk": 2, "fields": {"action_time": "2021-04-27T11:38:47.530Z", "user": 1, "content_type": 2, "object_id": "8", "object_repr": "Ліжка для новонароджених", "action_flag": 1, "change_message": "[{\"added\": {}}]"}}, {"model": "admin.logentry", "pk": 3, "fields": {"action_time": "2021-04-27T11:40:18.192Z", "user": 1, "content_type": 3, "object_id": "1", "object_repr": "Куртка червона", "action_flag": 1, "change_message": "[{\"added\": {}}]"}}, {"model": "admin.logentry", "pk": 4, "fields": {"action_time": "2021-04-27T12:10:14.496Z", "user": 1, "content_type": 3, "object_id": "1", "object_repr": "Куртка червона", "action_flag": 3, "change_message": ""}}, {"model": "admin.logentry", "pk": 5, "fields": {"action_time": "2021-04-27T12:10:42.452Z", "user": 1, "content_type": 3, "object_id": "2", "object_repr": "Куртка червона", "action_flag": 1, "change_message": "[{\"added\": {}}]"}}, {"model": "admin.logentry", "pk": 6, "fields": {"action_time": "2021-04-28T11:21:49.483Z", "user": 1, "content_type": 2, "object_id": "9", "object_repr": "Baby", "action_flag": 1, "change_message": "[{\"added\": {}}]"}}, {"model": "admin.logentry", "pk": 7, "fields": {"action_time": "2021-04-28T11:22:18.202Z", "user": 1, "content_type": 2, "object_id": "10", "object_repr": "Іграшки", "action_flag": 1, "change_message": "[{\"added\": {}}]"}}, {"model": "admin.logentry", "pk": 8, "fields": {"action_time": "2021-04-28T11:22:36.733Z", "user": 1, "content_type": 2, "object_id": "11", "object_repr": "Спорт", "action_flag": 1, "change_message": "[{\"added\": {}}]"}}, {"model": "admin.logentry", "pk": 9, "fields": {"action_time": "2021-04-28T12:01:32.042Z", "user": 1, "content_type": 2, "object_id": "6", "object_repr": "Верхній одяг", "action_flag": 3, "change_message": ""}}, {"model": "admin.logentry", "pk": 10, "fields": {"action_time": "2021-04-28T12:02:10.781Z", "user": 1, "content_type": 2, "object_id": "12", "object_repr": "Куртки", "action_flag": 1, "change_message": "[{\"added\": {}}]"}}, {"model": "admin.logentry", "pk": 11, "fields": {"action_time": "2021-04-28T12:02:45.564Z", "user": 1, "content_type": 2, "object_id": "12", "object_repr": "Кофти", "action_flag": 2, "change_message": "[{\"changed\": {\"fields\": [\"Name\", \"Slug\"]}}]"}}, {"model": "admin.logentry", "pk": 12, "fields": {"action_time": "2021-04-28T12:03:10.049Z", "user": 1, "content_type": 2, "object_id": "12", "object_repr": "Реглани", "action_flag": 2, "change_message": "[{\"changed\": {\"fields\": [\"Name\", \"Slug\"]}}]"}}, {"model": "admin.logentry", "pk": 13, "fields": {"action_time": "2021-04-28T12:03:48.712Z", "user": 1, "content_type": 2, "object_id": "12", "object_repr": "Куртки", "action_flag": 2, "change_message": "[{\"changed\": {\"fields\": [\"Name\", \"Slug\"]}}]"}}, {"model": "admin.logentry", "pk": 14, "fields": {"action_time": "2021-04-28T12:04:19.180Z", "user": 1, "content_type": 2, "object_id": "13", "object_repr": "Кофти", "action_flag": 1, "change_message": "[{\"added\": {}}]"}}, {"model": "admin.logentry", "pk": 15, "fields": {"action_time": "2021-04-28T12:04:51.024Z", "user": 1, "content_type": 2, "object_id": "14", "object_repr": "Реглани", "action_flag": 1, "change_message": "[{\"added\": {}}]"}}, {"model": "admin.logentry", "pk": 16, "fields": {"action_time": "2021-04-28T12:05:50.332Z", "user": 1, "content_type": 2, "object_id": "15", "object_repr": "Штани і джинси", "action_flag": 1, "change_message": "[{\"added\": {}}]"}}, {"model": "admin.logentry", "pk": 17, "fields": {"action_time": "2021-04-28T12:06:14.558Z", "user": 1, "content_type": 2, "object_id": "16", "object_repr": "Шапки", "action_flag": 1, "change_message": "[{\"added\": {}}]"}}, {"model": "admin.logentry", "pk": 18, "fields": {"action_time": "2021-04-28T12:07:42.374Z", "user": 1, "content_type": 2, "object_id": "17", "object_repr": "Взуття", "action_flag": 1, "change_message": "[{\"added\": {}}]"}}, {"model": "admin.logentry", "pk": 19, "fields": {"action_time": "2021-04-28T12:08:53.896Z", "user": 1, "content_type": 2, "object_id": "18", "object_repr": "Нижня білизна", "action_flag": 1, "change_message": "[{\"added\": {}}]"}}, {"model": "admin.logentry", "pk": 20, "fields": {"action_time": "2021-04-28T12:10:09.243Z", "user": 1, "content_type": 2, "object_id": "19", "object_repr": "Спортивний одяг", "action_flag": 1, "change_message": "[{\"added\": {}}]"}}, {"model": "admin.logentry", "pk": 21, "fields": {"action_time": "2021-04-28T12:10:46.376Z", "user": 1, "content_type": 2, "object_id": "20", "object_repr": "Футболки", "action_flag": 1, "change_message": "[{\"added\": {}}]"}}, {"model": "admin.logentry", "pk": 22, "fields": {"action_time": "2021-04-28T12:11:22.049Z", "user": 1, "content_type": 2, "object_id": "21", "object_repr": "Носки", "action_flag": 1, "change_message": "[{\"added\": {}}]"}}, {"model": "admin.logentry", "pk": 23, "fields": {"action_time": "2021-04-28T12:34:58.346Z", "user": 1, "content_type": 3, "object_id": "3", "object_repr": "Куртка червона", "action_flag": 1, "change_message": "[{\"added\": {}}]"}}, {"model": "admin.logentry", "pk": 24, "fields": {"action_time": "2021-04-28T12:35:51.469Z", "user": 1, "content_type": 3, "object_id": "4", "object_repr": "Костюм", "action_flag": 1, "change_message": "[{\"added\": {}}]"}}, {"model": "admin.logentry", "pk": 25, "fields": {"action_time": "2021-04-29T08:42:55.177Z", "user": 1, "content_type": 2, "object_id": "22", "object_repr": "Куртки", "action_flag": 1, "change_message": "[{\"added\": {}}]"}}, {"model": "admin.logentry", "pk": 26, "fields": {"action_time": "2021-04-29T08:59:43.103Z", "user": 1, "content_type": 2, "object_id": "4", "object_repr": "Костюми : id=4", "action_flag": 3, "change_message": ""}}, {"model": "admin.logentry", "pk": 27, "fields": {"action_time": "2021-04-29T08:59:43.254Z", "user": 1, "content_type": 2, "object_id": "8", "object_repr": "Ліжка для новонароджених : id=8", "action_flag": 3, "change_message": ""}}, {"model": "admin.logentry", "pk": 28, "fields": {"action_time": "2021-04-29T09:01:14.324Z", "user": 1, "content_type": 2, "object_id": "23", "object_repr": "Кофти : id=23", "action_flag": 1, "change_message": "[{\"added\": {}}]"}}, {"model": "admin.logentry", "pk": 29, "fields": {"action_time": "2021-04-29T09:01:46.260Z", "user": 1, "content_type": 2, "object_id": "24", "object_repr": "Футболки : id=24", "action_flag": 1, "change_message": "[{\"added\": {}}]"}}, {"model": "admin.logentry", "pk": 30, "fields": {"action_time": "2021-04-29T09:03:25.410Z", "user": 1, "content_type": 2, "object_id": "25", "object_repr": "Плаття : id=25", "action_flag": 1, "change_message": "[{\"added\": {}}]"}}, {"model": "admin.logentry", "pk": 31, "fields": {"action_time": "2021-04-29T09:04:54.281Z", "user": 1, "content_type": 2, "object_id": "26", "object_repr": "Шапки : id=26", "action_flag": 1, "change_message": "[{\"added\": {}}]"}}, {"model": "admin.logentry", "pk": 32, "fields": {"action_time": "2021-04-29T09:06:09.099Z", "user": 1, "content_type": 2, "object_id": "27", "object_repr": "Реглани : id=27", "action_flag": 1, "change_message": "[{\"added\": {}}]"}}, {"model": "admin.logentry", "pk": 33, "fields": {"action_time": "2021-04-29T09:06:37.968Z", "user": 1, "content_type": 2, "object_id": "28", "object_repr": "Спортивний одяг : id=28", "action_flag": 1, "change_message": "[{\"added\": {}}]"}}, {"model": "admin.logentry", "pk": 34, "fields": {"action_time": "2021-04-29T09:07:14.125Z", "user": 1, "content_type": 2, "object_id": "29", "object_repr": "Взуття : id=29", "action_flag": 1, "change_message": "[{\"added\": {}}]"}}, {"model": "admin.logentry", "pk": 35, "fields": {"action_time": "2021-04-29T09:09:49.948Z", "user": 1, "content_type": 2, "object_id": "30", "object_repr": "Штани і джинси : id=30", "action_flag": 1, "change_message": "[{\"added\": {}}]"}}, {"model": "admin.logentry", "pk": 36, "fields": {"action_time": "2021-04-29T09:11:11.093Z", "user": 1, "content_type": 2, "object_id": "31", "object_repr": "Нижня білизна : id=31", "action_flag": 1, "change_message": "[{\"added\": {}}]"}}, {"model": "admin.logentry", "pk": 37, "fields": {"action_time": "2021-04-29T09:12:12.221Z", "user": 1, "content_type": 2, "object_id": "32", "object_repr": "Колготи : id=32", "action_flag": 1, "change_message": "[{\"added\": {}}]"}}, {"model": "admin.logentry", "pk": 38, "fields": {"action_time": "2021-04-29T10:09:51.840Z", "user": 1, "content_type": 2, "object_id": "33", "object_repr": "Пелюшки", "action_flag": 1, "change_message": "[{\"added\": {}}]"}}, {"model": "admin.logentry", "pk": 39, "fields": {"action_time": "2021-04-29T10:10:36.071Z", "user": 1, "content_type": 2, "object_id": "34", "object_repr": "Сорочечки", "action_flag": 1, "change_message": "[{\"added\": {}}]"}}, {"model": "admin.logentry", "pk": 40, "fields": {"action_time": "2021-04-29T10:11:01.468Z", "user": 1, "content_type": 2, "object_id": "35", "object_repr": "Шапочки", "action_flag": 1, "change_message": "[{\"added\": {}}]"}}, {"model": "admin.logentry", "pk": 41, "fields": {"action_time": "2021-04-29T10:11:40.185Z", "user": 1, "content_type": 2, "object_id": "36", "object_repr": "Повзунки", "action_flag": 1, "change_message": "[{\"added\": {}}]"}}, {"model": "admin.logentry", "pk": 42, "fields": {"action_time": "2021-04-29T10:12:23.284Z", "user": 1, "content_type": 2, "object_id": "37", "object_repr": "Слюнявчики", "action_flag": 1, "change_message": "[{\"added\": {}}]"}}, {"model": "admin.logentry", "pk": 43, "fields": {"action_time": "2021-04-29T10:12:58.010Z", "user": 1, "content_type": 2, "object_id": "38", "object_repr": "Рукавички", "action_flag": 1, "change_message": "[{\"added\": {}}]"}}, {"model": "admin.logentry", "pk": 44, "fields": {"action_time": "2021-04-29T10:13:48.567Z", "user": 1, "content_type": 2, "object_id": "39", "object_repr": "Конверти", "action_flag": 1, "change_message": "[{\"added\": {}}]"}}, {"model": "admin.logentry", "pk": 45, "fields": {"action_time": "2021-04-29T10:14:05.060Z", "user": 1, "content_type": 2, "object_id": "40", "object_repr": "Боді", "action_flag": 1, "change_message": "[{\"added\": {}}]"}}, {"model": "admin.logentry", "pk": 46, "fields": {"action_time": "2021-04-29T10:15:48.853Z", "user": 1, "content_type": 2, "object_id": "41", "object_repr": "Песочник", "action_flag": 1, "change_message": "[{\"added\": {}}]"}}, {"model": "admin.logentry", "pk": 47, "fields": {"action_time": "2021-04-29T10:16:38.194Z", "user": 1, "content_type": 2, "object_id": "42", "object_repr": "Штанці", "action_flag": 1, "change_message": "[{\"added\": {}}]"}}, {"model": "admin.logentry", "pk": 48, "fields": {"action_time": "2021-04-29T10:17:26.030Z", "user": 1, "content_type": 2, "object_id": "43", "object_repr": "Комбінезон", "action_flag": 1, "change_message": "[{\"added\": {}}]"}}, {"model": "admin.logentry", "pk": 49, "fields": {"action_time": "2021-04-29T10:21:42.734Z", "user": 1, "content_type": 2, "object_id": "44", "object_repr": "Соски", "action_flag": 1, "change_message": "[{\"added\": {}}]"}}, {"model": "admin.logentry", "pk": 50, "fields": {"action_time": "2021-04-29T10:23:02.486Z", "user": 1, "content_type": 2, "object_id": "45", "object_repr": "Пляшечки", "action_flag": 1, "change_message": "[{\"added\": {}}]"}}, {"model": "admin.logentry", "pk": 51, "fields": {"action_time": "2021-04-29T10:23:50.904Z", "user": 1, "content_type": 2, "object_id": "46", "object_repr": "Посуд", "action_flag": 1, "change_message": "[{\"added\": {}}]"}}, {"model": "admin.logentry", "pk": 52, "fields": {"action_time": "2021-04-29T10:25:31.901Z", "user": 1, "content_type": 2, "object_id": "47", "object_repr": "Пледи", "action_flag": 1, "change_message": "[{\"added\": {}}]"}}, {"model": "admin.logentry", "pk": 53, "fields": {"action_time": "2021-04-29T10:26:25.402Z", "user": 1, "content_type": 2, "object_id": "48", "object_repr": "Костюми для новонароджених", "action_flag": 1, "change_message": "[{\"added\": {}}]"}}, {"model": "admin.logentry", "pk": 54, "fields": {"action_time": "2021-04-29T10:29:11.015Z", "user": 1, "content_type": 2, "object_id": "49", "object_repr": "Царапки", "action_flag": 1, "change_message": "[{\"added\": {}}]"}}, {"model": "admin.logentry", "pk": 55, "fields": {"action_time": "2021-04-29T10:29:55.340Z", "user": 1, "content_type": 2, "object_id": "50", "object_repr": "Ліжечка", "action_flag": 1, "change_message": "[{\"added\": {}}]"}}, {"model": "admin.logentry", "pk": 56, "fields": {"action_time": "2021-04-29T10:30:28.714Z", "user": 1, "content_type": 2, "object_id": "51", "object_repr": "Манеж", "action_flag": 1, "change_message": "[{\"added\": {}}]"}}, {"model": "admin.logentry", "pk": 57, "fields": {"action_time": "2021-04-29T10:37:18.935Z", "user": 1, "content_type": 2, "object_id": "52", "object_repr": "М'які іграшки : id=52", "action_flag": 1, "change_message": "[{\"added\": {}}]"}}, {"model": "admin.logentry", "pk": 58, "fields": {"action_time": "2021-04-29T10:38:37.312Z", "user": 1, "content_type": 2, "object_id": "53", "object_repr": "Розвиваючі іграшки : id=53", "action_flag": 1, "change_message": "[{\"added\": {}}]"}}, {"model": "admin.logentry", "pk": 59, "fields": {"action_time": "2021-04-29T10:39:20.026Z", "user": 1, "content_type": 2, "object_id": "54", "object_repr": "Конструктори : id=54", "action_flag": 1, "change_message": "[{\"added\": {}}]"}}, {"model": "admin.logentry", "pk": 60, "fields": {"action_time": "2021-04-29T10:40:29.668Z", "user": 1, "content_type": 2, "object_id": "55", "object_repr": "Настільні ігри : id=55", "action_flag": 1, "change_message": "[{\"added\": {}}]"}}, {"model": "admin.logentry", "pk": 61, "fields": {"action_time": "2021-04-29T10:41:44.364Z", "user": 1, "content_type": 2, "object_id": "56", "object_repr": "Музичні : id=56", "action_flag": 1, "change_message": "[{\"added\": {}}]"}}, {"model": "admin.logentry", "pk": 62, "fields": {"action_time": "2021-04-29T10:42:11.914Z", "user": 1, "content_type": 2, "object_id": "57", "object_repr": "Для хлопців : id=57", "action_flag": 1, "change_message": "[{\"added\": {}}]"}}, {"model": "admin.logentry", "pk": 63, "fields": {"action_time": "2021-04-29T10:42:33.098Z", "user": 1, "content_type": 2, "object_id": "58", "object_repr": "Для дівчат : id=58", "action_flag": 1, "change_message": "[{\"added\": {}}]"}}, {"model": "admin.logentry", "pk": 64, "fields": {"action_time": "2021-04-29T10:43:44.530Z", "user": 1, "content_type": 2, "object_id": "59", "object_repr": "Самокати : id=59", "action_flag": 1, "change_message": "[{\"added\": {}}]"}}, {"model": "admin.logentry", "pk": 65, "fields": {"action_time": "2021-04-29T10:44:08.752Z", "user": 1, "content_type": 2, "object_id": "60", "object_repr": "Велобіги : id=60", "action_flag": 1, "change_message": "[{\"added\": {}}]"}}, {"model": "admin.logentry", "pk": 66, "fields": {"action_time": "2021-04-29T10:44:36.295Z", "user": 1, "content_type": 2, "object_id": "61", "object_repr": "Скейтборди : id=61", "action_flag": 1, "change_message": "[{\"added\": {}}]"}}, {"model": "admin.logentry", "pk": 67, "fields": {"action_time": "2021-04-29T10:45:03.681Z", "user": 1, "content_type": 2, "object_id": "62", "object_repr": "Санки : id=62", "action_flag": 1, "change_message": "[{\"added\": {}}]"}}, {"model": "admin.logentry", "pk": 68, "fields": {"action_time": "2021-05-01T11:47:53.750Z", "user": 1, "content_type": 2, "object_id": "7", "object_repr": "Немовля", "action_flag": 3, "change_message": ""}}, {"model": "admin.logentry", "pk": 69, "fields": {"action_time": "2021-05-03T11:55:07.129Z", "user": 1, "content_type": 13, "object_id": "5", "object_repr": "Куртка червона", "action_flag": 1, "change_message": "[{\"added\": {}}]"}}, {"model": "admin.logentry", "pk": 70, "fields": {"action_time": "2021-05-03T12:23:19.254Z", "user": 1, "content_type": 13, "object_id": "5", "object_repr": "Куртка червона", "action_flag": 2, "change_message": "[{\"changed\": {\"fields\": [\"Category\"]}}]"}}, {"model": "admin.logentry", "pk": 71, "fields": {"action_time": "2021-05-03T12:24:31.948Z", "user": 1, "content_type": 13, "object_id": "6", "object_repr": "Плаття", "action_flag": 1, "change_message": "[{\"added\": {}}]"}}, {"model": "admin.logentry", "pk": 72, "fields": {"action_time": "2021-05-05T18:11:11.541Z", "user": 1, "content_type": 13, "object_id": "7", "object_repr": "Кофта", "action_flag": 1, "change_message": "[{\"added\": {}}]"}}, {"model": "admin.logentry", "pk": 73, "fields": {"action_time": "2021-05-06T10:22:54.215Z", "user": 1, "content_type": 13, "object_id": "7", "object_repr": "Кофта", "action_flag": 3, "change_message": ""}}, {"model": "admin.logentry", "pk": 74, "fields": {"action_time": "2021-05-06T10:22:54.360Z", "user": 1, "content_type": 13, "object_id": "6", "object_repr": "Плаття", "action_flag": 3, "change_message": ""}}, {"model": "admin.logentry", "pk": 75, "fields": {"action_time": "2021-05-06T10:22:54.423Z", "user": 1, "content_type": 13, "object_id": "5", "object_repr": "Куртка червона", "action_flag": 3, "change_message": ""}}, {"model": "admin.logentry", "pk": 76, "fields": {"action_time": "2021-05-06T10:23:16.661Z", "user": 1, "content_type": 3, "object_id": "3", "object_repr": "Куртка червона", "action_flag": 3, "change_message": ""}}, {"model": "admin.logentry", "pk": 77, "fields": {"action_time": "2021-05-06T10:25:07.307Z", "user": 1, "content_type": 12, "object_id": "8", "object_repr": "Кофта вязана", "action_flag": 1, "change_message": "[{\"added\": {}}]"}}, {"model": "admin.logentry", "pk": 78, "fields": {"action_time": "2021-05-06T10:29:07.073Z", "user": 1, "content_type": 2, "object_id": "9", "object_repr": "Baby", "action_flag": 2, "change_message": "[{\"changed\": {\"fields\": [\"Slug\"]}}]"}}, {"model": "admin.logentry", "pk": 79, "fields": {"action_time": "2021-05-06T10:29:21.673Z", "user": 1, "content_type": 2, "object_id": "2", "object_repr": "Дівчина", "action_flag": 2, "change_message": "[{\"changed\": {\"fields\": [\"Slug\"]}}]"}}, {"model": "admin.logentry", "pk": 80, "fields": {"action_time": "2021-05-06T11:24:42.332Z", "user": 1, "content_type": 13, "object_id": "9", "object_repr": "Комбінезон гарний", "action_flag": 1, "change_message": "[{\"added\": {}}]"}}, {"model": "admin.logentry", "pk": 81, "fields": {"action_time": "2021-05-09T17:23:02.623Z", "user": 1, "content_type": 12, "object_id": "10", "object_repr": "Кросівки спортивні", "action_flag": 1, "change_message": "[{\"added\": {}}]"}}, {"model": "admin.logentry", "pk": 82, "fields": {"action_time": "2021-05-09T17:25:40.991Z", "user": 1, "content_type": 12, "object_id": "11", "object_repr": "Кофтинка", "action_flag": 1, "change_message": "[{\"added\": {}}]"}}, {"model": "admin.logentry", "pk": 83, "fields": {"action_time": "2021-05-09T17:35:46.051Z", "user": 1, "content_type": 14, "object_id": "12", "object_repr": "Колготки", "action_flag": 1, "change_message": "[{\"added\": {}}]"}}, {"model": "admin.logentry", "pk": 84, "fields": {"action_time": "2021-05-09T17:50:00.858Z", "user": 1, "content_type": 15, "object_id": "13", "object_repr": "Самокат", "action_flag": 1, "change_message": "[{\"added\": {}}]"}}, {"model": "admin.logentry", "pk": 85, "fields": {"action_time": "2021-05-09T17:51:02.345Z", "user": 1, "content_type": 16, "object_id": "14", "object_repr": "Конструктор незвичайний", "action_flag": 1, "change_message": "[{\"added\": {}}]"}}, {"model": "admin.logentry", "pk": 86, "fields": {"action_time": "2021-05-09T19:38:53.944Z", "user": 1, "content_type": 15, "object_id": "15", "object_repr": "Sanky", "action_flag": 1, "change_message": "[{\"added\": {}}]"}}, {"model": "admin.logentry", "pk": 87, "fields": {"action_time": "2021-05-11T18:43:19.727Z", "user": 1, "content_type": 13, "object_id": "16", "object_repr": "Супер боді", "action_flag": 1, "change_message": "[{\"added\": {}}]"}}, {"model": "admin.logentry", "pk": 88, "fields": {"action_time": "2021-05-11T18:45:16.974Z", "user": 1, "content_type": 13, "object_id": "17", "object_repr": "Ліжко", "action_flag": 1, "change_message": "[{\"added\": {}}]"}}, {"model": "admin.logentry", "pk": 89, "fields": {"action_time": "2021-05-11T18:46:22.779Z", "user": 1, "content_type": 13, "object_id": "18", "object_repr": "Плед", "action_flag": 1, "change_message": "[{\"added\": {}}]"}}, {"model": "admin.logentry", "pk": 90, "fields": {"action_time": "2021-05-14T11:39:25.327Z", "user": 1, "content_type": 5, "object_id": "3", "object_repr": "Продукт кошика: Конструктор незвичайний", "action_flag": 3, "change_message": ""}}, {"model": "admin.logentry", "pk": 91, "fields": {"action_time": "2021-05-14T12:28:24.810Z", "user": 1, "content_type": 5, "object_id": "4", "object_repr": "Продукт кошика: Конструктор незвичайний", "action_flag": 3, "change_message": ""}}, {"model": "admin.logentry", "pk": 92, "fields": {"action_time": "2021-05-14T12:28:24.877Z", "user": 1, "content_type": 5, "object_id": "2", "object_repr": "Продукт кошика: Кофтинка", "action_flag": 3, "change_message": ""}}, {"model": "admin.logentry", "pk": 93, "fields": {"action_time": "2021-05-14T12:28:24.957Z", "user": 1, "content_type": 5, "object_id": "1", "object_repr": "Продукт кошика: Кофта вязана", "action_flag": 3, "change_message": ""}}, {"model": "admin.logentry", "pk": 94, "fields": {"action_time": "2021-05-14T18:23:10.286Z", "user": 1, "content_type": 5, "object_id": "7", "object_repr": "Продукт кошика: Кофта вязана", "action_flag": 3, "change_message": ""}}, {"model": "admin.logentry", "pk": 95, "fields": {"action_time": "2021-05-14T18:23:10.366Z", "user": 1, "content_type": 5, "object_id": "6", "object_repr": "Продукт кошика: Колготки", "action_flag": 3, "change_message": ""}}, {"model": "admin.logentry", "pk": 96, "fields": {"action_time": "2021-05-14T18:23:10.414Z", "user": 1, "content_type": 5, "object_id": "5", "object_repr": "Продукт кошика: Комбінезон гарний", "action_flag": 3, "change_message": ""}}, {"model": "admin.logentry", "pk": 97, "fields": {"action_time": "2021-05-14T18:28:24.895Z", "user": 1, "content_type": 5, "object_id": "8", "object_repr": "Продукт кошика: Супер боді", "action_flag": 3, "change_message": ""}}, {"model": "admin.logentry", "pk": 98, "fields": {"action_time": "2021-05-15T11:49:20.756Z", "user": 1, "content_type": 5, "object_id": "13", "object_repr": "Продукт кошика: Супер боді", "action_flag": 3, "change_message": ""}}, {"model": "admin.logentry", "pk": 99, "fields": {"action_time": "2021-05-15T11:49:20.915Z", "user": 1, "content_type": 5, "object_id": "12", "object_repr": "Продукт кошика: Кофтинка", "action_flag": 3, "change_message": ""}}, {"model": "admin.logentry", "pk": 100, "fields": {"action_time": "2021-05-15T11:49:20.980Z", "user": 1, "content_type": 5, "object_id": "11", "object_repr": "Продукт кошика: Колготки", "action_flag": 3, "change_message": ""}}, {"model": "admin.logentry", "pk": 101, "fields": {"action_time": "2021-05-15T11:49:21.034Z", "user": 1, "content_type": 5, "object_id": "10", "object_repr": "Продукт кошика: Комбінезон гарний", "action_flag": 3, "change_message": ""}}, {"model": "admin.logentry", "pk": 102, "fields": {"action_time": "2021-05-15T11:49:21.087Z", "user": 1, "content_type": 5, "object_id": "9", "object_repr": "Продукт кошика: Кофта вязана", "action_flag": 3, "change_message": ""}}, {"model": "admin.logentry", "pk": 103, "fields": {"action_time": "2021-05-15T12:34:30.856Z", "user": 1, "content_type": 5, "object_id": "14", "object_repr": "Продукт кошика: Колготки", "action_flag": 3, "change_message": ""}}, {"model": "admin.logentry", "pk": 104, "fields": {"action_time": "2021-05-17T13:57:24.130Z", "user": 1, "content_type": 20, "object_id": "1", "object_repr": "Розмір", "action_flag": 1, "change_message": "[{\"added\": {}}]"}}, {"model": "admin.logentry", "pk": 105, "fields": {"action_time": "2021-05-17T13:58:19.918Z", "user": 1, "content_type": 17, "object_id": "1", "object_repr": "36", "action_flag": 1, "change_message": "[{\"added\": {}}]"}}, {"model": "admin.logentry", "pk": 106, "fields": {"action_time": "2021-05-17T13:59:55.112Z", "user": 1, "content_type": 18, "object_id": "1", "object_repr": "ProductVariant object (1)", "action_flag": 1, "change_message": "[{\"added\": {}}]"}}, {"model": "admin.logentry", "pk": 107, "fields": {"action_time": "2021-05-17T14:04:49.042Z", "user": 1, "content_type": 20, "object_id": "2", "object_repr": "Колір", "action_flag": 1, "change_message": "[{\"added\": {}}]"}}, {"model": "admin.logentry", "pk": 108, "fields": {"action_time": "2021-05-17T14:05:10.497Z", "user": 1, "content_type": 17, "object_id": "2", "object_repr": "Зелений", "action_flag": 1, "change_message": "[{\"added\": {}}]"}}, {"model": "admin.logentry", "pk": 109, "fields": {"action_time": "2021-05-17T14:05:21.070Z", "user": 1, "content_type": 17, "object_id": "3", "object_repr": "40", "action_flag": 1, "change_message": "[{\"added\": {}}]"}}, {"model": "admin.logentry", "pk": 110, "fields": {"action_time": "2021-05-17T14:05:42.294Z", "user": 1, "content_type": 18, "object_id": "2", "object_repr": "ProductVariant object (2)", "action_flag": 1, "change_message": "[{\"added\": {}}]"}}, {"model": "admin.logentry", "pk": 111, "fields": {"action_time": "2021-05-17T14:07:19.356Z", "user": 1, "content_type": 19, "object_id": "1", "object_repr": "ProductAttributeValue object (1)", "action_flag": 1, "change_message": "[{\"added\": {}}]"}}, {"model": "admin.logentry", "pk": 112, "fields": {"action_time": "2021-05-17T14:08:01.372Z", "user": 1, "content_type": 19, "object_id": "1", "object_repr": "ProductAttributeValue object (1)", "action_flag": 2, "change_message": "[{\"changed\": {\"fields\": [\"Value\"]}}]"}}, {"model": "admin.logentry", "pk": 113, "fields": {"action_time": "2021-05-18T10:13:00.593Z", "user": 1, "content_type": 19, "object_id": "1", "object_repr": "ProductAttributeValue object (1)", "action_flag": 2, "change_message": "[]"}}, {"model": "admin.logentry", "pk": 114, "fields": {"action_time": "2021-05-18T10:13:20.007Z", "user": 1, "content_type": 19, "object_id": "2", "object_repr": "ProductAttributeValue object (2)", "action_flag": 1, "change_message": "[{\"added\": {}}]"}}, {"model": "admin.logentry", "pk": 115, "fields": {"action_time": "2021-05-18T10:24:53.411Z", "user": 1, "content_type": 21, "object_id": "1", "object_repr": "SizeField object (1)", "action_flag": 1, "change_message": "[{\"added\": {}}]"}}, {"model": "admin.logentry", "pk": 116, "fields": {"action_time": "2021-05-18T10:25:27.819Z", "user": 1, "content_type": 21, "object_id": "2", "object_repr": "SizeField object (2)", "action_flag": 1, "change_message": "[{\"added\": {}}]"}}, {"model": "admin.logentry", "pk": 117, "fields": {"action_time": "2021-05-18T10:25:36.011Z", "user": 1, "content_type": 21, "object_id": "3", "object_repr": "SizeField object (3)", "action_flag": 1, "change_message": "[{\"added\": {}}]"}}, {"model": "admin.logentry", "pk": 118, "fields": {"action_time": "2021-05-18T10:25:45.039Z", "user": 1, "content_type": 21, "object_id": "4", "object_repr": "SizeField object (4)", "action_flag": 1, "change_message": "[{\"added\": {}}]"}}, {"model": "admin.logentry", "pk": 119, "fields": {"action_time": "2021-05-18T12:41:03.585Z", "user": 1, "content_type": 13, "object_id": "16", "object_repr": "Супер боді", "action_flag": 2, "change_message": "[]"}}, {"model": "admin.logentry", "pk": 120, "fields": {"action_time": "2021-05-18T12:42:17.492Z", "user": 1, "content_type": 13, "object_id": "19", "object_repr": "Супер боді", "action_flag": 1, "change_message": "[{\"added\": {}}]"}}, {"model": "admin.logentry", "pk": 121, "fields": {"action_time": "2021-05-18T12:42:57.508Z", "user": 1, "content_type": 13, "object_id": "19", "object_repr": "Супер боді", "action_flag": 2, "change_message": "[{\"changed\": {\"fields\": [\"Slug\", \"\\u0412\\u0456\\u043a\"]}}]"}}, {"model": "admin.logentry", "pk": 122, "fields": {"action_time": "2021-05-18T13:12:49.540Z", "user": 1, "content_type": 13, "object_id": "19", "object_repr": "Супер боді", "action_flag": 3, "change_message": ""}}, {"model": "admin.logentry", "pk": 123, "fields": {"action_time": "2021-05-18T13:21:24.171Z", "user": 1, "content_type": 13, "object_id": "20", "object_repr": "Супер боді", "action_flag": 1, "change_message": "[{\"added\": {}}]"}}, {"model": "admin.logentry", "pk": 124, "fields": {"action_time": "2021-05-18T13:22:54.131Z", "user": 1, "content_type": 13, "object_id": "20", "object_repr": "Супер боді", "action_flag": 2, "change_message": "[{\"changed\": {\"fields\": [\"\\u0417\\u043e\\u0431\\u0440\\u0430\\u0436\\u0435\\u043d\\u043d\\u044f\"]}}]"}}, {"model": "admin.logentry", "pk": 125, "fields": {"action_time": "2021-05-18T13:27:26.911Z", "user": 1, "content_type": 13, "object_id": "16", "object_repr": "Супер боді", "action_flag": 2, "change_message": "[]"}}, {"model": "admin.logentry", "pk": 126, "fields": {"action_time": "2021-05-19T10:12:47.113Z", "user": 1, "content_type": 13, "object_id": "21", "object_repr": "Супер боді", "action_flag": 1, "change_message": "[{\"added\": {}}]"}}, {"model": "admin.logentry", "pk": 127, "fields": {"action_time": "2021-05-19T10:18:34.427Z", "user": 1, "content_type": 13, "object_id": "21", "object_repr": "Супер боді", "action_flag": 2, "change_message": "[{\"changed\": {\"fields\": [\"Father\"]}}]"}}, {"model": "admin.logentry", "pk": 128, "fields": {"action_time": "2021-05-20T11:17:06.326Z", "user": 1, "content_type": 13, "object_id": "17", "object_repr": "__Ліжко__", "action_flag": 2, "change_message": "[{\"changed\": {\"fields\": [\"\\u0420\\u043e\\u0437\\u043c\\u0456\\u0440\"]}}]"}}, {"model": "admin.logentry", "pk": 129, "fields": {"action_time": "2021-05-20T12:04:44.537Z", "user": 1, "content_type": 13, "object_id": "22", "object_repr": "__Конверт__", "action_flag": 1, "change_message": "[{\"added\": {}}]"}}, {"model": "admin.logentry", "pk": 130, "fields": {"action_time": "2021-05-20T12:15:34.502Z", "user": 1, "content_type": 3, "object_id": "22", "object_repr": "Конверт", "action_flag": 2, "change_message": "[]"}}, {"model": "admin.logentry", "pk": 131, "fields": {"action_time": "2021-05-20T12:25:07.124Z", "user": 1, "content_type": 13, "object_id": "18", "object_repr": "__Плед__", "action_flag": 2, "change_message": "[{\"changed\": {\"fields\": [\"\\u0414\\u0430\\u0442\\u0430 \\u043f\\u0443\\u0431\\u043b\\u0456\\u043a\\u0430\\u0446\\u0456\\u0457\"]}}]"}}, {"model": "admin.logentry", "pk": 132, "fields": {"action_time": "2021-05-20T12:25:22.568Z", "user": 1, "content_type": 13, "object_id": "17", "object_repr": "__Ліжко__", "action_flag": 2, "change_message": "[{\"changed\": {\"fields\": [\"\\u0414\\u0430\\u0442\\u0430 \\u043f\\u0443\\u0431\\u043b\\u0456\\u043a\\u0430\\u0446\\u0456\\u0457\"]}}]"}}, {"model": "admin.logentry", "pk": 133, "fields": {"action_time": "2021-05-20T12:25:33.354Z", "user": 1, "content_type": 13, "object_id": "16", "object_repr": "__Супер боді__", "action_flag": 2, "change_message": "[{\"changed\": {\"fields\": [\"\\u0414\\u0430\\u0442\\u0430 \\u043f\\u0443\\u0431\\u043b\\u0456\\u043a\\u0430\\u0446\\u0456\\u0457\"]}}]"}}, {"model": "admin.logentry", "pk": 134, "fields": {"action_time": "2021-05-20T12:25:49.903Z", "user": 1, "content_type": 13, "object_id": "9", "object_repr": "__Комбінезон гарний__", "action_flag": 2, "change_message": "[{\"changed\": {\"fields\": [\"\\u0414\\u0430\\u0442\\u0430 \\u043f\\u0443\\u0431\\u043b\\u0456\\u043a\\u0430\\u0446\\u0456\\u0457\"]}}]"}}, {"model": "admin.logentry", "pk": 135, "fields": {"action_time": "2021-05-20T12:26:38.742Z", "user": 1, "content_type": 13, "object_id": "17", "object_repr": "__Ліжко__", "action_flag": 2, "change_message": "[{\"changed\": {\"fields\": [\"\\u0414\\u0430\\u0442\\u0430 \\u043f\\u0443\\u0431\\u043b\\u0456\\u043a\\u0430\\u0446\\u0456\\u0457\"]}}]"}}, {"model": "auth.permission", "pk": 1, "fields": {"name": "Can add cart", "content_type": 1, "codename": "add_cart"}}, {"model": "auth.permission", "pk": 2, "fields": {"name": "Can change cart", "content_type": 1, "codename": "change_cart"}}, {"model": "auth.permission", "pk": 3, "fields": {"name": "Can delete cart", "content_type": 1, "codename": "delete_cart"}}, {"model": "auth.permission", "pk": 4, "fields": {"name": "Can view cart", "content_type": 1, "codename": "view_cart"}}, {"model": "auth.permission", "pk": 5, "fields": {"name": "Can add category", "content_type": 2, "codename": "add_category"}}, {"model": "auth.permission", "pk": 6, "fields": {"name": "Can change category", "content_type": 2, "codename": "change_category"}}, {"model": "auth.permission", "pk": 7, "fields": {"name": "Can delete category", "content_type": 2, "codename": "delete_category"}}, {"model": "auth.permission", "pk": 8, "fields": {"name": "Can view category", "content_type": 2, "codename": "view_category"}}, {"model": "auth.permission", "pk": 9, "fields": {"name": "Can add product", "content_type": 3, "codename": "add_product"}}, {"model": "auth.permission", "pk": 10, "fields": {"name": "Can change product", "content_type": 3, "codename": "change_product"}}, {"model": "auth.permission", "pk": 11, "fields": {"name": "Can delete product", "content_type": 3, "codename": "delete_product"}}, {"model": "auth.permission", "pk": 12, "fields": {"name": "Can view product", "content_type": 3, "codename": "view_product"}}, {"model": "auth.permission", "pk": 13, "fields": {"name": "Can add customer", "content_type": 4, "codename": "add_customer"}}, {"model": "auth.permission", "pk": 14, "fields": {"name": "Can change customer", "content_type": 4, "codename": "change_customer"}}, {"model": "auth.permission", "pk": 15, "fields": {"name": "Can delete customer", "content_type": 4, "codename": "delete_customer"}}, {"model": "auth.permission", "pk": 16, "fields": {"name": "Can view customer", "content_type": 4, "codename": "view_customer"}}, {"model": "auth.permission", "pk": 17, "fields": {"name": "Can add cart product", "content_type": 5, "codename": "add_cartproduct"}}, {"model": "auth.permission", "pk": 18, "fields": {"name": "Can change cart product", "content_type": 5, "codename": "change_cartproduct"}}, {"model": "auth.permission", "pk": 19, "fields": {"name": "Can delete cart product", "content_type": 5, "codename": "delete_cartproduct"}}, {"model": "auth.permission", "pk": 20, "fields": {"name": "Can view cart product", "content_type": 5, "codename": "view_cartproduct"}}, {"model": "auth.permission", "pk": 21, "fields": {"name": "Can add log entry", "content_type": 6, "codename": "add_logentry"}}, {"model": "auth.permission", "pk": 22, "fields": {"name": "Can change log entry", "content_type": 6, "codename": "change_logentry"}}, {"model": "auth.permission", "pk": 23, "fields": {"name": "Can delete log entry", "content_type": 6, "codename": "delete_logentry"}}, {"model": "auth.permission", "pk": 24, "fields": {"name": "Can view log entry", "content_type": 6, "codename": "view_logentry"}}, {"model": "auth.permission", "pk": 25, "fields": {"name": "Can add permission", "content_type": 7, "codename": "add_permission"}}, {"model": "auth.permission", "pk": 26, "fields": {"name": "Can change permission", "content_type": 7, "codename": "change_permission"}}, {"model": "auth.permission", "pk": 27, "fields": {"name": "Can delete permission", "content_type": 7, "codename": "delete_permission"}}, {"model": "auth.permission", "pk": 28, "fields": {"name": "Can view permission", "content_type": 7, "codename": "view_permission"}}, {"model": "auth.permission", "pk": 29, "fields": {"name": "Can add group", "content_type": 8, "codename": "add_group"}}, {"model": "auth.permission", "pk": 30, "fields": {"name": "Can change group", "content_type": 8, "codename": "change_group"}}, {"model": "auth.permission", "pk": 31, "fields": {"name": "Can delete group", "content_type": 8, "codename": "delete_group"}}, {"model": "auth.permission", "pk": 32, "fields": {"name": "Can view group", "content_type": 8, "codename": "view_group"}}, {"model": "auth.permission", "pk": 33, "fields": {"name": "Can add user", "content_type": 9, "codename": "add_user"}}, {"model": "auth.permission", "pk": 34, "fields": {"name": "Can change user", "content_type": 9, "codename": "change_user"}}, {"model": "auth.permission", "pk": 35, "fields": {"name": "Can delete user", "content_type": 9, "codename": "delete_user"}}, {"model": "auth.permission", "pk": 36, "fields": {"name": "Can view user", "content_type": 9, "codename": "view_user"}}, {"model": "auth.permission", "pk": 37, "fields": {"name": "Can add content type", "content_type": 10, "codename": "add_contenttype"}}, {"model": "auth.permission", "pk": 38, "fields": {"name": "Can change content type", "content_type": 10, "codename": "change_contenttype"}}, {"model": "auth.permission", "pk": 39, "fields": {"name": "Can delete content type", "content_type": 10, "codename": "delete_contenttype"}}, {"model": "auth.permission", "pk": 40, "fields": {"name": "Can view content type", "content_type": 10, "codename": "view_contenttype"}}, {"model": "auth.permission", "pk": 41, "fields": {"name": "Can add session", "content_type": 11, "codename": "add_session"}}, {"model": "auth.permission", "pk": 42, "fields": {"name": "Can change session", "content_type": 11, "codename": "change_session"}}, {"model": "auth.permission", "pk": 43, "fields": {"name": "Can delete session", "content_type": 11, "codename": "delete_session"}}, {"model": "auth.permission", "pk": 44, "fields": {"name": "Can view session", "content_type": 11, "codename": "view_session"}}, {"model": "auth.permission", "pk": 45, "fields": {"name": "Can add boy", "content_type": 12, "codename": "add_boy"}}, {"model": "auth.permission", "pk": 46, "fields": {"name": "Can change boy", "content_type": 12, "codename": "change_boy"}}, {"model": "auth.permission", "pk": 47, "fields": {"name": "Can delete boy", "content_type": 12, "codename": "delete_boy"}}, {"model": "auth.permission", "pk": 48, "fields": {"name": "Can view boy", "content_type": 12, "codename": "view_boy"}}, {"model": "auth.permission", "pk": 49, "fields": {"name": "Can add boy girl baby", "content_type": 13, "codename": "add_boygirlbaby"}}, {"model": "auth.permission", "pk": 50, "fields": {"name": "Can change boy girl baby", "content_type": 13, "codename": "change_boygirlbaby"}}, {"model": "auth.permission", "pk": 51, "fields": {"name": "Can delete boy girl baby", "content_type": 13, "codename": "delete_boygirlbaby"}}, {"model": "auth.permission", "pk": 52, "fields": {"name": "Can view boy girl baby", "content_type": 13, "codename": "view_boygirlbaby"}}, {"model": "auth.permission", "pk": 53, "fields": {"name": "Can add girl", "content_type": 14, "codename": "add_girl"}}, {"model": "auth.permission", "pk": 54, "fields": {"name": "Can change girl", "content_type": 14, "codename": "change_girl"}}, {"model": "auth.permission", "pk": 55, "fields": {"name": "Can delete girl", "content_type": 14, "codename": "delete_girl"}}, {"model": "auth.permission", "pk": 56, "fields": {"name": "Can view girl", "content_type": 14, "codename": "view_girl"}}, {"model": "auth.permission", "pk": 57, "fields": {"name": "Can add sport", "content_type": 15, "codename": "add_sport"}}, {"model": "auth.permission", "pk": 58, "fields": {"name": "Can change sport", "content_type": 15, "codename": "change_sport"}}, {"model": "auth.permission", "pk": 59, "fields": {"name": "Can delete sport", "content_type": 15, "codename": "delete_sport"}}, {"model": "auth.permission", "pk": 60, "fields": {"name": "Can view sport", "content_type": 15, "codename": "view_sport"}}, {"model": "auth.permission", "pk": 61, "fields": {"name": "Can add toys", "content_type": 16, "codename": "add_toys"}}, {"model": "auth.permission", "pk": 62, "fields": {"name": "Can change toys", "content_type": 16, "codename": "change_toys"}}, {"model": "auth.permission", "pk": 63, "fields": {"name": "Can delete toys", "content_type": 16, "codename": "delete_toys"}}, {"model": "auth.permission", "pk": 64, "fields": {"name": "Can view toys", "content_type": 16, "codename": "view_toys"}}, {"model": "auth.permission", "pk": 65, "fields": {"name": "Can add baby", "content_type": 13, "codename": "add_baby"}}, {"model": "auth.permission", "pk": 66, "fields": {"name": "Can change baby", "content_type": 13, "codename": "change_baby"}}, {"model": "auth.permission", "pk": 67, "fields": {"name": "Can delete baby", "content_type": 13, "codename": "delete_baby"}}, {"model": "auth.permission", "pk": 68, "fields": {"name": "Can view baby", "content_type": 13, "codename": "view_baby"}}, {"model": "auth.permission", "pk": 69, "fields": {"name": "Can add attribute variant", "content_type": 17, "codename": "add_attributevariant"}}, {"model": "auth.permission", "pk": 70, "fields": {"name": "Can change attribute variant", "content_type": 17, "codename": "change_attributevariant"}}, {"model": "auth.permission", "pk": 71, "fields": {"name": "Can delete attribute variant", "content_type": 17, "codename": "delete_attributevariant"}}, {"model": "auth.permission", "pk": 72, "fields": {"name": "Can view attribute variant", "content_type": 17, "codename": "view_attributevariant"}}, {"model": "auth.permission", "pk": 73, "fields": {"name": "Can add product variant", "content_type": 18, "codename": "add_productvariant"}}, {"model": "auth.permission", "pk": 74, "fields": {"name": "Can change product variant", "content_type": 18, "codename": "change_productvariant"}}, {"model": "auth.permission", "pk": 75, "fields": {"name": "Can delete product variant", "content_type": 18, "codename": "delete_productvariant"}}, {"model": "auth.permission", "pk": 76, "fields": {"name": "Can view product variant", "content_type": 18, "codename": "view_productvariant"}}, {"model": "auth.permission", "pk": 77, "fields": {"name": "Can add product attribute value", "content_type": 19, "codename": "add_productattributevalue"}}, {"model": "auth.permission", "pk": 78, "fields": {"name": "Can change product attribute value", "content_type": 19, "codename": "change_productattributevalue"}}, {"model": "auth.permission", "pk": 79, "fields": {"name": "Can delete product attribute value", "content_type": 19, "codename": "delete_productattributevalue"}}, {"model": "auth.permission", "pk": 80, "fields": {"name": "Can view product attribute value", "content_type": 19, "codename": "view_productattributevalue"}}, {"model": "auth.permission", "pk": 81, "fields": {"name": "Can add attribute", "content_type": 20, "codename": "add_attribute"}}, {"model": "auth.permission", "pk": 82, "fields": {"name": "Can change attribute", "content_type": 20, "codename": "change_attribute"}}, {"model": "auth.permission", "pk": 83, "fields": {"name": "Can delete attribute", "content_type": 20, "codename": "delete_attribute"}}, {"model": "auth.permission", "pk": 84, "fields": {"name": "Can view attribute", "content_type": 20, "codename": "view_attribute"}}, {"model": "auth.permission", "pk": 85, "fields": {"name": "Can add size field", "content_type": 21, "codename": "add_sizefield"}}, {"model": "auth.permission", "pk": 86, "fields": {"name": "Can change size field", "content_type": 21, "codename": "change_sizefield"}}, {"model": "auth.permission", "pk": 87, "fields": {"name": "Can delete size field", "content_type": 21, "codename": "delete_sizefield"}}, {"model": "auth.permission", "pk": 88, "fields": {"name": "Can view size field", "content_type": 21, "codename": "view_sizefield"}}, {"model": "auth.user", "pk": 1, "fields": {"password": "pbkdf2_sha256$260000$5iQHeex6jAmKRrMHuBYsmx$KbVOOuqAhevCTbj1Fx2bIVe37QI+pKwxIYxoyY+OME4=", "last_login": "2021-05-11T14:46:44.070Z", "is_superuser": true, "username": "admin", "first_name": "", "last_name": "", "email": "shapik2404@gmail.com", "is_staff": true, "is_active": true, "date_joined": "2021-04-27T11:33:17.751Z", "groups": [], "user_permissions": []}}, {"model": "contenttypes.contenttype", "pk": 1, "fields": {"app_label": "main", "model": "cart"}}, {"model": "contenttypes.contenttype", "pk": 2, "fields": {"app_label": "main", "model": "category"}}, {"model": "contenttypes.contenttype", "pk": 3, "fields": {"app_label": "main", "model": "product"}}, {"model": "contenttypes.contenttype", "pk": 4, "fields": {"app_label": "main", "model": "customer"}}, {"model": "contenttypes.contenttype", "pk": 5, "fields": {"app_label": "main", "model": "cartproduct"}}, {"model": "contenttypes.contenttype", "pk": 6, "fields": {"app_label": "admin", "model": "logentry"}}, {"model": "contenttypes.contenttype", "pk": 7, "fields": {"app_label": "auth", "model": "permission"}}, {"model": "contenttypes.contenttype", "pk": 8, "fields": {"app_label": "auth", "model": "group"}}, {"model": "contenttypes.contenttype", "pk": 9, "fields": {"app_label": "auth", "model": "user"}}, {"model": "contenttypes.contenttype", "pk": 10, "fields": {"app_label": "contenttypes", "model": "contenttype"}}, {"model": "contenttypes.contenttype", "pk": 11, "fields": {"app_label": "sessions", "model": "session"}}, {"model": "contenttypes.contenttype", "pk": 12, "fields": {"app_label": "main", "model": "boy"}}, {"model": "contenttypes.contenttype", "pk": 13, "fields": {"app_label": "main", "model": "baby"}}, {"model": "contenttypes.contenttype", "pk": 14, "fields": {"app_label": "main", "model": "girl"}}, {"model": "contenttypes.contenttype", "pk": 15, "fields": {"app_label": "main", "model": "sport"}}, {"model": "contenttypes.contenttype", "pk": 16, "fields": {"app_label": "main", "model": "toys"}}, {"model": "contenttypes.contenttype", "pk": 17, "fields": {"app_label": "main", "model": "attributevariant"}}, {"model": "contenttypes.contenttype", "pk": 18, "fields": {"app_label": "main", "model": "productvariant"}}, {"model": "contenttypes.contenttype", "pk": 19, "fields": {"app_label": "main", "model": "productattributevalue"}}, {"model": "contenttypes.contenttype", "pk": 20, "fields": {"app_label": "main", "model": "attribute"}}, {"model": "contenttypes.contenttype", "pk": 21, "fields": {"app_label": "main", "model": "sizefield"}}, {"model": "sessions.session", "pk": "fit9d9e5ok17zzaktr44d0omjtbiszba", "fields": {"session_data": ".eJxVjLEOwjAMRP8lM4oabCeEkb3fELmOQwuolZp2Qvw7rdQBlhvuvbu3SbwufVqrzmnI5mqcOf12HctTxx3kB4_3yco0LvPQ2V2xB622nbK-bof7d9Bz7bd1U_iSwUX2EfTsVQs1hBQFkBWEhFFdpECIwXlRBMCmbIHS5QDFfL7ZqDd1:1lbLy0:aLjgPGEquP9LY03JhzRLBgSCFf0vSiIyik2imaRT7wU", "expire_date": "2021-05-11T11:33:24.632Z"}}, {"model": "sessions.session", "pk": "vxgl8vnsflsh3707wg4rugis3ryzuiar", "fields": {"session_data": ".eJxVjLEOwjAMRP8lM4oabCeEkb3fELmOQwuolZp2Qvw7rdQBlhvuvbu3SbwufVqrzmnI5mqcOf12HctTxx3kB4_3yco0LvPQ2V2xB622nbK-bof7d9Bz7bd1U_iSwUX2EfTsVQs1hBQFkBWEhFFdpECIwXlRBMCmbIHS5QDFfL7ZqDd1:1lgTem:9LcT65eVTnoF7bJG5AlLVhuliFXHDrusvkib55Kjrpo", "expire_date": "2021-05-25T14:46:44.158Z"}}]